system,part,primary_pn,oe_numbers,aftermarket,notes,rockauto,rockauto_pn,ebay,amazon
Engine,Engine long block (2.0 Zetec),2M5Z-6006-AA,2M5Z-6006-AA (reman long block),,"Cast iron block, alum DOHC head. Common: valve cover gasket, timing belt/tensioner, oil pan gasket, rear main.","https://www.rockauto.com/en/catalog/ford,2003,focus,2.0l+l4+dohc,1431898",https://www.rockauto.com/en/partsearch/?partnum=2M5Z-6006-AA,https://www.ebay.com/sch/i.html?_nkw=2M5Z-6006-AA%20Engine%20long%20block%202003%20Ford%20Focus%202.0%20DOHC%20Zetec&_sacat=6030&_sop=15,https://www.amazon.com/s?k=2M5Z-6006-AA%20Engine%20long%20block%202003%20Ford%20Focus%202.0%20DOHC%20Zetec&i=automotive
Engine,Valve cover + gasket,Motorcraft,Motorcraft VS-50600 (gasket) | 1S7Z-6584-AA,,,"https://www.rockauto.com/en/catalog/ford,2003,focus,2.0l+l4+dohc,1431898",https://www.rockauto.com/en/partsearch/?partnum=Motorcraft,https://www.ebay.com/sch/i.html?_nkw=Motorcraft%20Valve%20cover%20%2B%20gasket%202003%20Ford%20Focus%202.0%20DOHC%20Zetec&_sacat=6030&_sop=15,https://www.amazon.com/s?k=Motorcraft%20Valve%20cover%20%2B%20gasket%202003%20Ford%20Focus%202.0%20DOHC%20Zetec&i=automotive
Engine,"Timing belt kit (belt, tensioner, idler)",Motorcraft,Motorcraft TB-259 | TCK283 (Gates kit),Gates TCK283 | Dayco 95283K1,Water pump is chain/belt independent on Zetec; do the belt + tensioner + idler together.,"https://www.rockauto.com/en/catalog/ford,2003,focus,2.0l+l4+dohc,1431898",https://www.rockauto.com/en/partsearch/?partnum=Motorcraft,https://www.ebay.com/sch/i.html?_nkw=Motorcraft%20Timing%20belt%20kit%202003%20Ford%20Focus%202.0%20DOHC%20Zetec&_sacat=6030&_sop=15,https://www.amazon.com/s?k=Motorcraft%20Timing%20belt%20kit%202003%20Ford%20Focus%202.0%20DOHC%20Zetec&i=automotive
Engine,Oil pan + gasket,Motorcraft,Motorcraft 1S7Z-6675-AA,,,"https://www.rockauto.com/en/catalog/ford,2003,focus,2.0l+l4+dohc,1431898",https://www.rockauto.com/en/partsearch/?partnum=Motorcraft,https://www.ebay.com/sch/i.html?_nkw=Motorcraft%20Oil%20pan%20%2B%20gasket%202003%20Ford%20Focus%202.0%20DOHC%20Zetec&_sacat=6030&_sop=15,https://www.amazon.com/s?k=Motorcraft%20Oil%20pan%20%2B%20gasket%202003%20Ford%20Focus%202.0%20DOHC%20Zetec&i=automotive
Engine,Oil filter,Motorcraft,Motorcraft FL-400S,Wix 51372 | Fram PH3600,,"https://www.rockauto.com/en/catalog/ford,2003,focus,2.0l+l4+dohc,1431898",https://www.rockauto.com/en/partsearch/?partnum=Motorcraft,https://www.ebay.com/sch/i.html?_nkw=Motorcraft%20Oil%20filter%202003%20Ford%20Focus%202.0%20DOHC%20Zetec&_sacat=6030&_sop=15,https://www.amazon.com/s?k=Motorcraft%20Oil%20filter%202003%20Ford%20Focus%202.0%20DOHC%20Zetec&i=automotive
Engine,Engine mounts (3) + trans mount,1S4Z-6038-AA,1S4Z-6038-AA (RH) | 1S4Z-6068-AA (front roll restrictor) | 1S4Z-6068-BA (rear),,Hydraulic RH mount is the usual failure. Check for leaking fluid.,"https://www.rockauto.com/en/catalog/ford,2003,focus,2.0l+l4+dohc,1431898",https://www.rockauto.com/en/partsearch/?partnum=1S4Z-6038-AA,https://www.ebay.com/sch/i.html?_nkw=1S4Z-6038-AA%20Engine%20mounts%20%20%2B%20trans%20mount%202003%20Ford%20Focus%202.0%20DOHC%20Zetec&_sacat=6030&_sop=15,https://www.amazon.com/s?k=1S4Z-6038-AA%20Engine%20mounts%20%20%2B%20trans%20mount%202003%20Ford%20Focus%202.0%20DOHC%20Zetec&i=automotive
Engine,Serpentine belt + tensioner,Motorcraft,Motorcraft JK6-882 | Tensioner 1S7Z-6B209-AA,Gates K060882 | Dayco 5060882,,"https://www.rockauto.com/en/catalog/ford,2003,focus,2.0l+l4+dohc,1431898",https://www.rockauto.com/en/partsearch/?partnum=Motorcraft,https://www.ebay.com/sch/i.html?_nkw=Motorcraft%20Serpentine%20belt%20%2B%20tensioner%202003%20Ford%20Focus%202.0%20DOHC%20Zetec&_sacat=6030&_sop=15,https://www.amazon.com/s?k=Motorcraft%20Serpentine%20belt%20%2B%20tensioner%202003%20Ford%20Focus%202.0%20DOHC%20Zetec&i=automotive
Ignition & Electrical,Spark plugs (4) + coil pack,Motorcraft,Motorcraft AGSF-32FM / SP-432 | Coil 1S7Z-12029-AA,NGK 3672 (AGSF32FM equivalent) | Denso 5304,,"https://www.rockauto.com/en/catalog/ford,2003,focus,2.0l+l4+dohc,1431898",https://www.rockauto.com/en/partsearch/?partnum=Motorcraft,https://www.ebay.com/sch/i.html?_nkw=Motorcraft%20Spark%20plugs%20%20%2B%20coil%20pack%202003%20Ford%20Focus%202.0%20DOHC%20Zetec&_sacat=6030&_sop=15,https://www.amazon.com/s?k=Motorcraft%20Spark%20plugs%20%20%2B%20coil%20pack%202003%20Ford%20Focus%202.0%20DOHC%20Zetec&i=automotive
Cooling,Radiator,3S4Z-8005-AA,3S4Z-8005-AA,Spectra CU2296 | Denso 221-9207,,"https://www.rockauto.com/en/catalog/ford,2003,focus,2.0l+l4+dohc,1431898",https://www.rockauto.com/en/partsearch/?partnum=3S4Z-8005-AA,https://www.ebay.com/sch/i.html?_nkw=3S4Z-8005-AA%20Radiator%202003%20Ford%20Focus%202.0%20DOHC%20Zetec&_sacat=6030&_sop=15,https://www.amazon.com/s?k=3S4Z-8005-AA%20Radiator%202003%20Ford%20Focus%202.0%20DOHC%20Zetec&i=automotive
Cooling,Cooling fan + motor assembly,YS4Z-8C607-AB,YS4Z-8C607-AB,TYC 620590 | Dorman 620-141,,"https://www.rockauto.com/en/catalog/ford,2003,focus,2.0l+l4+dohc,1431898",https://www.rockauto.com/en/partsearch/?partnum=YS4Z-8C607-AB,https://www.ebay.com/sch/i.html?_nkw=YS4Z-8C607-AB%20Cooling%20fan%20%2B%20motor%20assembly%202003%20Ford%20Focus%202.0%20DOHC%20Zetec&_sacat=6030&_sop=15,https://www.amazon.com/s?k=YS4Z-8C607-AB%20Cooling%20fan%20%2B%20motor%20assembly%202003%20Ford%20Focus%202.0%20DOHC%20Zetec&i=automotive
Cooling,Thermostat + housing,Motorcraft,Motorcraft RT-1152 (stat) | 1S7Z-8592-AA (housing),,,"https://www.rockauto.com/en/catalog/ford,2003,focus,2.0l+l4+dohc,1431898",https://www.rockauto.com/en/partsearch/?partnum=Motorcraft,https://www.ebay.com/sch/i.html?_nkw=Motorcraft%20Thermostat%20%2B%20housing%202003%20Ford%20Focus%202.0%20DOHC%20Zetec&_sacat=6030&_sop=15,https://www.amazon.com/s?k=Motorcraft%20Thermostat%20%2B%20housing%202003%20Ford%20Focus%202.0%20DOHC%20Zetec&i=automotive
Cooling,Water pump,Motorcraft,Motorcraft PW-425 | 1S7Z-8501-AA,Gates 41046 | Airtex AW4109,,"https://www.rockauto.com/en/catalog/ford,2003,focus,2.0l+l4+dohc,1431898",https://www.rockauto.com/en/partsearch/?partnum=Motorcraft,https://www.ebay.com/sch/i.html?_nkw=Motorcraft%20Water%20pump%202003%20Ford%20Focus%202.0%20DOHC%20Zetec&_sacat=6030&_sop=15,https://www.amazon.com/s?k=Motorcraft%20Water%20pump%202003%20Ford%20Focus%202.0%20DOHC%20Zetec&i=automotive
Cooling,Radiator hoses (upper/lower),Motorcraft,Motorcraft KM-4671 (upper) | KM-4672 (lower),Gates 22440 / 22441,,"https://www.rockauto.com/en/catalog/ford,2003,focus,2.0l+l4+dohc,1431898",https://www.rockauto.com/en/partsearch/?partnum=Motorcraft,https://www.ebay.com/sch/i.html?_nkw=Motorcraft%20Radiator%20hoses%202003%20Ford%20Focus%202.0%20DOHC%20Zetec&_sacat=6030&_sop=15,https://www.amazon.com/s?k=Motorcraft%20Radiator%20hoses%202003%20Ford%20Focus%202.0%20DOHC%20Zetec&i=automotive
Cooling,Coolant degas bottle,1S4Z-8A080-AA,1S4Z-8A080-AA,Dorman 603-208,,"https://www.rockauto.com/en/catalog/ford,2003,focus,2.0l+l4+dohc,1431898",https://www.rockauto.com/en/partsearch/?partnum=1S4Z-8A080-AA,https://www.ebay.com/sch/i.html?_nkw=1S4Z-8A080-AA%20Coolant%20degas%20bottle%202003%20Ford%20Focus%202.0%20DOHC%20Zetec&_sacat=6030&_sop=15,https://www.amazon.com/s?k=1S4Z-8A080-AA%20Coolant%20degas%20bottle%202003%20Ford%20Focus%202.0%20DOHC%20Zetec&i=automotive
Fuel & Air,Intake manifold + gasket,1S7Z-9424-AA,1S7Z-9424-AA,,,"https://www.rockauto.com/en/catalog/ford,2003,focus,2.0l+l4+dohc,1431898",https://www.rockauto.com/en/partsearch/?partnum=1S7Z-9424-AA,https://www.ebay.com/sch/i.html?_nkw=1S7Z-9424-AA%20Intake%20manifold%20%2B%20gasket%202003%20Ford%20Focus%202.0%20DOHC%20Zetec&_sacat=6030&_sop=15,https://www.amazon.com/s?k=1S7Z-9424-AA%20Intake%20manifold%20%2B%20gasket%202003%20Ford%20Focus%202.0%20DOHC%20Zetec&i=automotive
Fuel & Air,Throttle body,1S7Z-9E926-AA,1S7Z-9E926-AA,Dorman 977-000,,"https://www.rockauto.com/en/catalog/ford,2003,focus,2.0l+l4+dohc,1431898",https://www.rockauto.com/en/partsearch/?partnum=1S7Z-9E926-AA,https://www.ebay.com/sch/i.html?_nkw=1S7Z-9E926-AA%20Throttle%20body%202003%20Ford%20Focus%202.0%20DOHC%20Zetec&_sacat=6030&_sop=15,https://www.amazon.com/s?k=1S7Z-9E926-AA%20Throttle%20body%202003%20Ford%20Focus%202.0%20DOHC%20Zetec&i=automotive
Fuel & Air,Air filter box + filter,Motorcraft,Motorcraft FA-1632 (filter),Wix 46650 | K&N 33-2119,,"https://www.rockauto.com/en/catalog/ford,2003,focus,2.0l+l4+dohc,1431898",https://www.rockauto.com/en/partsearch/?partnum=Motorcraft,https://www.ebay.com/sch/i.html?_nkw=Motorcraft%20Air%20filter%20box%20%2B%20filter%202003%20Ford%20Focus%202.0%20DOHC%20Zetec&_sacat=6030&_sop=15,https://www.amazon.com/s?k=Motorcraft%20Air%20filter%20box%20%2B%20filter%202003%20Ford%20Focus%202.0%20DOHC%20Zetec&i=automotive
Fuel & Air,Mass air flow sensor,Motorcraft,Motorcraft AFLS-141 / 1S7F-12B579-AA,Hitachi MAF0028,,"https://www.rockauto.com/en/catalog/ford,2003,focus,2.0l+l4+dohc,1431898",https://www.rockauto.com/en/partsearch/?partnum=Motorcraft,https://www.ebay.com/sch/i.html?_nkw=Motorcraft%20Mass%20air%20flow%20sensor%202003%20Ford%20Focus%202.0%20DOHC%20Zetec&_sacat=6030&_sop=15,https://www.amazon.com/s?k=Motorcraft%20Mass%20air%20flow%20sensor%202003%20Ford%20Focus%202.0%20DOHC%20Zetec&i=automotive
Fuel & Air,Fuel injectors (4) + rail,Motorcraft,Motorcraft CM-4924 | 1S7Z-9F593-BA,,,"https://www.rockauto.com/en/catalog/ford,2003,focus,2.0l+l4+dohc,1431898",https://www.rockauto.com/en/partsearch/?partnum=Motorcraft,https://www.ebay.com/sch/i.html?_nkw=Motorcraft%20Fuel%20injectors%20%20%2B%20rail%202003%20Ford%20Focus%202.0%20DOHC%20Zetec&_sacat=6030&_sop=15,https://www.amazon.com/s?k=Motorcraft%20Fuel%20injectors%20%20%2B%20rail%202003%20Ford%20Focus%202.0%20DOHC%20Zetec&i=automotive
Fuel & Air,Fuel pump module (in tank),Motorcraft,Motorcraft PFS-118 | 3S4Z-9H307-AA,Delphi FG0885 | Airtex E2372M,,"https://www.rockauto.com/en/catalog/ford,2003,focus,2.0l+l4+dohc,1431898",https://www.rockauto.com/en/partsearch/?partnum=Motorcraft,https://www.ebay.com/sch/i.html?_nkw=Motorcraft%20Fuel%20pump%20module%202003%20Ford%20Focus%202.0%20DOHC%20Zetec&_sacat=6030&_sop=15,https://www.amazon.com/s?k=Motorcraft%20Fuel%20pump%20module%202003%20Ford%20Focus%202.0%20DOHC%20Zetec&i=automotive
Fuel & Air,Fuel tank (13.2 gal),4S4Z-9002-AA,4S4Z-9002-AA,Spectra F76A,,"https://www.rockauto.com/en/catalog/ford,2003,focus,2.0l+l4+dohc,1431898",https://www.rockauto.com/en/partsearch/?partnum=4S4Z-9002-AA,https://www.ebay.com/sch/i.html?_nkw=4S4Z-9002-AA%20Fuel%20tank%202003%20Ford%20Focus%202.0%20DOHC%20Zetec&_sacat=6030&_sop=15,https://www.amazon.com/s?k=4S4Z-9002-AA%20Fuel%20tank%202003%20Ford%20Focus%202.0%20DOHC%20Zetec&i=automotive
Fuel & Air,Fuel filter,Motorcraft,Motorcraft FG-986B,Wix 33595 | Fram G7315,,"https://www.rockauto.com/en/catalog/ford,2003,focus,2.0l+l4+dohc,1431898",https://www.rockauto.com/en/partsearch/?partnum=Motorcraft,https://www.ebay.com/sch/i.html?_nkw=Motorcraft%20Fuel%20filter%202003%20Ford%20Focus%202.0%20DOHC%20Zetec&_sacat=6030&_sop=15,https://www.amazon.com/s?k=Motorcraft%20Fuel%20filter%202003%20Ford%20Focus%202.0%20DOHC%20Zetec&i=automotive
Fuel & Air,PCV valve + hose,Motorcraft,Motorcraft EV-192,,,"https://www.rockauto.com/en/catalog/ford,2003,focus,2.0l+l4+dohc,1431898",https://www.rockauto.com/en/partsearch/?partnum=Motorcraft,https://www.ebay.com/sch/i.html?_nkw=Motorcraft%20PCV%20valve%20%2B%20hose%202003%20Ford%20Focus%202.0%20DOHC%20Zetec&_sacat=6030&_sop=15,https://www.amazon.com/s?k=Motorcraft%20PCV%20valve%20%2B%20hose%202003%20Ford%20Focus%202.0%20DOHC%20Zetec&i=automotive
Ignition & Electrical,Alternator 110A (Lester 8260),Motorcraft,Motorcraft GL-456 | 1S41-10300-AA | 98AB-10300-EB,Lester 8260 | DB Electrical AFD0091 | WAI 8260N / 8260R | Remy 92511,"NOT 8418 (SVT / late-04), NOT 8406 (05-07 Duratec). 6-groove pulley, 11 o clock plug, 2-ear mount.","https://www.rockauto.com/en/catalog/ford,2003,focus,2.0l+l4+dohc,1431898",https://www.rockauto.com/en/partsearch/?partnum=Motorcraft,https://www.ebay.com/sch/i.html?_nkw=Motorcraft%20Alternator%20110A%202003%20Ford%20Focus%202.0%20DOHC%20Zetec&_sacat=6030&_sop=15,https://www.amazon.com/s?k=Motorcraft%20Alternator%20110A%202003%20Ford%20Focus%202.0%20DOHC%20Zetec&i=automotive
Ignition & Electrical,Starter motor,Motorcraft,Motorcraft SA-830 (MTX) / SA-829 (auto) | 1S7Z-11002-AA,Lester 17830 (manual) / 17831 (auto) | DB Electrical SFD0032,Manual vs automatic use different starters. Confirm transmission first.,"https://www.rockauto.com/en/catalog/ford,2003,focus,2.0l+l4+dohc,1431898",https://www.rockauto.com/en/partsearch/?partnum=Motorcraft,https://www.ebay.com/sch/i.html?_nkw=Motorcraft%20Starter%20motor%202003%20Ford%20Focus%202.0%20DOHC%20Zetec&_sacat=6030&_sop=15,https://www.amazon.com/s?k=Motorcraft%20Starter%20motor%202003%20Ford%20Focus%202.0%20DOHC%20Zetec&i=automotive
Ignition & Electrical,Battery (Group 96R),Motorcraft,Motorcraft BXT-96R,"Any Group 96R, 590 CCA",,"https://www.rockauto.com/en/catalog/ford,2003,focus,2.0l+l4+dohc,1431898",https://www.rockauto.com/en/partsearch/?partnum=Motorcraft,https://www.ebay.com/sch/i.html?_nkw=Motorcraft%20Battery%202003%20Ford%20Focus%202.0%20DOHC%20Zetec&_sacat=6030&_sop=15,https://www.amazon.com/s?k=Motorcraft%20Battery%202003%20Ford%20Focus%202.0%20DOHC%20Zetec&i=automotive
Ignition & Electrical,Ignition switch + lock cylinder,3S4Z-11572-AA,3S4Z-11572-AA (switch),,,"https://www.rockauto.com/en/catalog/ford,2003,focus,2.0l+l4+dohc,1431898",https://www.rockauto.com/en/partsearch/?partnum=3S4Z-11572-AA,https://www.ebay.com/sch/i.html?_nkw=3S4Z-11572-AA%20Ignition%20switch%20%2B%20lock%20cylinder%202003%20Ford%20Focus%202.0%20DOHC%20Zetec&_sacat=6030&_sop=15,https://www.amazon.com/s?k=3S4Z-11572-AA%20Ignition%20switch%20%2B%20lock%20cylinder%202003%20Ford%20Focus%202.0%20DOHC%20Zetec&i=automotive
Ignition & Electrical,O2 sensors (upstream + downstream),Motorcraft,Motorcraft DY-1003 (up) / DY-1013 (down),Denso 234-4127 / 234-4374 | Bosch 15716,,"https://www.rockauto.com/en/catalog/ford,2003,focus,2.0l+l4+dohc,1431898",https://www.rockauto.com/en/partsearch/?partnum=Motorcraft,https://www.ebay.com/sch/i.html?_nkw=Motorcraft%20O2%20sensors%202003%20Ford%20Focus%202.0%20DOHC%20Zetec&_sacat=6030&_sop=15,https://www.amazon.com/s?k=Motorcraft%20O2%20sensors%202003%20Ford%20Focus%202.0%20DOHC%20Zetec&i=automotive
Ignition & Electrical,Crank position sensor,Motorcraft,Motorcraft DY-1194 / 1S7Z-6C315-AA,,,"https://www.rockauto.com/en/catalog/ford,2003,focus,2.0l+l4+dohc,1431898",https://www.rockauto.com/en/partsearch/?partnum=Motorcraft,https://www.ebay.com/sch/i.html?_nkw=Motorcraft%20Crank%20position%20sensor%202003%20Ford%20Focus%202.0%20DOHC%20Zetec&_sacat=6030&_sop=15,https://www.amazon.com/s?k=Motorcraft%20Crank%20position%20sensor%202003%20Ford%20Focus%202.0%20DOHC%20Zetec&i=automotive
Ignition & Electrical,Powertrain control module (PCM),,Calibration-specific; read tear tag on module,,Must be programmed to VIN. Used units need PATS relearn.,"https://www.rockauto.com/en/catalog/ford,2003,focus,2.0l+l4+dohc,1431898",https://www.ebay.com/sch/i.html?_nkw=Powertrain%20control%20module%202003%20Ford%20Focus%202.0%20DOHC%20Zetec&_sacat=6030&_sop=15,https://www.amazon.com/s?k=Powertrain%20control%20module%202003%20Ford%20Focus%202.0%20DOHC%20Zetec&i=automotive,https://www.partsgeek.com/catalog/2003/ford/focus.html
Ignition & Electrical,Engine bay fuse/relay box (CJB),2M5Z-14A068-AA,2M5Z-14A068-AA,,,"https://www.rockauto.com/en/catalog/ford,2003,focus,2.0l+l4+dohc,1431898",https://www.rockauto.com/en/partsearch/?partnum=2M5Z-14A068-AA,https://www.ebay.com/sch/i.html?_nkw=2M5Z-14A068-AA%20Engine%20bay%20fuse/relay%20box%202003%20Ford%20Focus%202.0%20DOHC%20Zetec&_sacat=6030&_sop=15,https://www.amazon.com/s?k=2M5Z-14A068-AA%20Engine%20bay%20fuse/relay%20box%202003%20Ford%20Focus%202.0%20DOHC%20Zetec&i=automotive
Exhaust,Exhaust manifold + catalytic converter,1S7Z-5G232-AA,1S7Z-5G232-AA (manifold cat),Dorman 674-955 | Walker 16404,49-state vs CA emissions differ. Check the underhood label.,"https://www.rockauto.com/en/catalog/ford,2003,focus,2.0l+l4+dohc,1431898",https://www.rockauto.com/en/partsearch/?partnum=1S7Z-5G232-AA,https://www.ebay.com/sch/i.html?_nkw=1S7Z-5G232-AA%20Exhaust%20manifold%20%2B%20catalytic%20converter%202003%20Ford%20Focus%202.0%20DOHC%20Zetec&_sacat=6030&_sop=15,https://www.amazon.com/s?k=1S7Z-5G232-AA%20Exhaust%20manifold%20%2B%20catalytic%20converter%202003%20Ford%20Focus%202.0%20DOHC%20Zetec&i=automotive
Exhaust,Flex pipe / front pipe,3S4Z-5246-AA,3S4Z-5246-AA,Walker 55254,,"https://www.rockauto.com/en/catalog/ford,2003,focus,2.0l+l4+dohc,1431898",https://www.rockauto.com/en/partsearch/?partnum=3S4Z-5246-AA,https://www.ebay.com/sch/i.html?_nkw=3S4Z-5246-AA%20Flex%20pipe%20/%20front%20pipe%202003%20Ford%20Focus%202.0%20DOHC%20Zetec&_sacat=6030&_sop=15,https://www.amazon.com/s?k=3S4Z-5246-AA%20Flex%20pipe%20/%20front%20pipe%202003%20Ford%20Focus%202.0%20DOHC%20Zetec&i=automotive
Exhaust,Muffler + tailpipe,3S4Z-5230-AA,3S4Z-5230-AA (wagon),Walker 21550 | Bosal 279-135,Wagon muffler differs from sedan/hatch.,"https://www.rockauto.com/en/catalog/ford,2003,focus,2.0l+l4+dohc,1431898",https://www.rockauto.com/en/partsearch/?partnum=3S4Z-5230-AA,https://www.ebay.com/sch/i.html?_nkw=3S4Z-5230-AA%20Muffler%20%2B%20tailpipe%202003%20Ford%20Focus%202.0%20DOHC%20Zetec&_sacat=6030&_sop=15,https://www.amazon.com/s?k=3S4Z-5230-AA%20Muffler%20%2B%20tailpipe%202003%20Ford%20Focus%202.0%20DOHC%20Zetec&i=automotive
Exhaust,Resonator / mid pipe,,,Walker 54551,,"https://www.rockauto.com/en/catalog/ford,2003,focus,2.0l+l4+dohc,1431898",https://www.ebay.com/sch/i.html?_nkw=Resonator%20/%20mid%20pipe%202003%20Ford%20Focus%202.0%20DOHC%20Zetec&_sacat=6030&_sop=15,https://www.amazon.com/s?k=Resonator%20/%20mid%20pipe%202003%20Ford%20Focus%202.0%20DOHC%20Zetec&i=automotive,https://www.partsgeek.com/catalog/2003/ford/focus.html
Transmission & Drive,Transaxle (MTX-75 manual or 4F27E auto),,MTX-75: 1S7Z-7003-xx | 4F27E: 3S4Z-7000-xx,,Identify: manual has clutch pedal. Auto 4F27E shares with Mazda FN4A-EL.,"https://www.rockauto.com/en/catalog/ford,2003,focus,2.0l+l4+dohc,1431898",https://www.ebay.com/sch/i.html?_nkw=Transaxle%202003%20Ford%20Focus%202.0%20DOHC%20Zetec&_sacat=6030&_sop=15,https://www.amazon.com/s?k=Transaxle%202003%20Ford%20Focus%202.0%20DOHC%20Zetec&i=automotive,https://www.partsgeek.com/catalog/2003/ford/focus.html
Transmission & Drive,Clutch kit + release bearing (manual only),Motorcraft,Motorcraft CK-8135 / 1S7Z-7B546-BA,LuK 07-141 | Exedy FMK1005,,"https://www.rockauto.com/en/catalog/ford,2003,focus,2.0l+l4+dohc,1431898",https://www.rockauto.com/en/partsearch/?partnum=Motorcraft,https://www.ebay.com/sch/i.html?_nkw=Motorcraft%20Clutch%20kit%20%2B%20release%20bearing%202003%20Ford%20Focus%202.0%20DOHC%20Zetec&_sacat=6030&_sop=15,https://www.amazon.com/s?k=Motorcraft%20Clutch%20kit%20%2B%20release%20bearing%202003%20Ford%20Focus%202.0%20DOHC%20Zetec&i=automotive
Transmission & Drive,"CV axle, driver (LH)",1S4Z-3A427-BA,1S4Z-3A427-BA (LH),TrakMotive FD-8140 | Cardone 66-2081,,"https://www.rockauto.com/en/catalog/ford,2003,focus,2.0l+l4+dohc,1431898",https://www.rockauto.com/en/partsearch/?partnum=1S4Z-3A427-BA,https://www.ebay.com/sch/i.html?_nkw=1S4Z-3A427-BA%20CV%20axle%2C%20driver%202003%20Ford%20Focus%202.0%20DOHC%20Zetec&_sacat=6030&_sop=15,https://www.amazon.com/s?k=1S4Z-3A427-BA%20CV%20axle%2C%20driver%202003%20Ford%20Focus%202.0%20DOHC%20Zetec&i=automotive
Transmission & Drive,"CV axle, passenger (RH, with intermediate shaft)",1S4Z-3B436-BA,1S4Z-3B436-BA (RH),TrakMotive FD-8141 | Cardone 66-2080,,"https://www.rockauto.com/en/catalog/ford,2003,focus,2.0l+l4+dohc,1431898",https://www.rockauto.com/en/partsearch/?partnum=1S4Z-3B436-BA,https://www.ebay.com/sch/i.html?_nkw=1S4Z-3B436-BA%20CV%20axle%2C%20passenger%202003%20Ford%20Focus%202.0%20DOHC%20Zetec&_sacat=6030&_sop=15,https://www.amazon.com/s?k=1S4Z-3B436-BA%20CV%20axle%2C%20passenger%202003%20Ford%20Focus%202.0%20DOHC%20Zetec&i=automotive
Transmission & Drive,Transaxle fluid (MTX-75: Motorcraft MERCON V? No: XT-M5-QS / 4F27E: MERCON V),,MTX-75: XT-M5-QS (Full Synthetic Manual Trans Fluid) | 4F27E: XT-5-QM (MERCON V),,,"https://www.rockauto.com/en/catalog/ford,2003,focus,2.0l+l4+dohc,1431898",https://www.ebay.com/sch/i.html?_nkw=Transaxle%20fluid%202003%20Ford%20Focus%202.0%20DOHC%20Zetec&_sacat=6030&_sop=15,https://www.amazon.com/s?k=Transaxle%20fluid%202003%20Ford%20Focus%202.0%20DOHC%20Zetec&i=automotive,https://www.partsgeek.com/catalog/2003/ford/focus.html
Suspension,"Front strut + spring + mount, LH",Motorcraft,"Motorcraft AST-48 (LH), AST-47 (RH)",Monroe 171528L/R (Quick-Strut) | KYB SR4029/SR4030,,"https://www.rockauto.com/en/catalog/ford,2003,focus,2.0l+l4+dohc,1431898",https://www.rockauto.com/en/partsearch/?partnum=Motorcraft,https://www.ebay.com/sch/i.html?_nkw=Motorcraft%20Front%20strut%20%2B%20spring%20%2B%20mount%2C%20LH%202003%20Ford%20Focus%202.0%20DOHC%20Zetec&_sacat=6030&_sop=15,https://www.amazon.com/s?k=Motorcraft%20Front%20strut%20%2B%20spring%20%2B%20mount%2C%20LH%202003%20Ford%20Focus%202.0%20DOHC%20Zetec&i=automotive
Suspension,"Front strut + spring + mount, RH",Motorcraft,Motorcraft AST-47,Monroe 171528R | KYB SR4030,,"https://www.rockauto.com/en/catalog/ford,2003,focus,2.0l+l4+dohc,1431898",https://www.rockauto.com/en/partsearch/?partnum=Motorcraft,https://www.ebay.com/sch/i.html?_nkw=Motorcraft%20Front%20strut%20%2B%20spring%20%2B%20mount%2C%20RH%202003%20Ford%20Focus%202.0%20DOHC%20Zetec&_sacat=6030&_sop=15,https://www.amazon.com/s?k=Motorcraft%20Front%20strut%20%2B%20spring%20%2B%20mount%2C%20RH%202003%20Ford%20Focus%202.0%20DOHC%20Zetec&i=automotive
Suspension,Front lower control arms + ball joints (pair),1S4Z-3078-BA,1S4Z-3078-BA (LH) / 1S4Z-3079-BA (RH),Moog RK620234 / RK620235 | Dorman 520-263/264,,"https://www.rockauto.com/en/catalog/ford,2003,focus,2.0l+l4+dohc,1431898",https://www.rockauto.com/en/partsearch/?partnum=1S4Z-3078-BA,https://www.ebay.com/sch/i.html?_nkw=1S4Z-3078-BA%20Front%20lower%20control%20arms%20%2B%20ball%20joints%202003%20Ford%20Focus%202.0%20DOHC%20Zetec&_sacat=6030&_sop=15,https://www.amazon.com/s?k=1S4Z-3078-BA%20Front%20lower%20control%20arms%20%2B%20ball%20joints%202003%20Ford%20Focus%202.0%20DOHC%20Zetec&i=automotive
Suspension,Front sway bar links + bushings,1S4Z-5K484-AA,1S4Z-5K484-AA,Moog K80104 | Mevotech MK80104,,"https://www.rockauto.com/en/catalog/ford,2003,focus,2.0l+l4+dohc,1431898",https://www.rockauto.com/en/partsearch/?partnum=1S4Z-5K484-AA,https://www.ebay.com/sch/i.html?_nkw=1S4Z-5K484-AA%20Front%20sway%20bar%20links%20%2B%20bushings%202003%20Ford%20Focus%202.0%20DOHC%20Zetec&_sacat=6030&_sop=15,https://www.amazon.com/s?k=1S4Z-5K484-AA%20Front%20sway%20bar%20links%20%2B%20bushings%202003%20Ford%20Focus%202.0%20DOHC%20Zetec&i=automotive
Suspension,Rear shocks (pair) + springs,Motorcraft,Motorcraft ASH-1103 (wagon),Monroe 5964 | KYB 343309,Wagon rear shock/spring rates differ from sedan.,"https://www.rockauto.com/en/catalog/ford,2003,focus,2.0l+l4+dohc,1431898",https://www.rockauto.com/en/partsearch/?partnum=Motorcraft,https://www.ebay.com/sch/i.html?_nkw=Motorcraft%20Rear%20shocks%20%20%2B%20springs%202003%20Ford%20Focus%202.0%20DOHC%20Zetec&_sacat=6030&_sop=15,https://www.amazon.com/s?k=Motorcraft%20Rear%20shocks%20%20%2B%20springs%202003%20Ford%20Focus%202.0%20DOHC%20Zetec&i=automotive
Suspension,Rear Control Blade arms + bushings,2M5Z-5500-AA,2M5Z-5500-AA (trailing arm),Dorman 522-500,,"https://www.rockauto.com/en/catalog/ford,2003,focus,2.0l+l4+dohc,1431898",https://www.rockauto.com/en/partsearch/?partnum=2M5Z-5500-AA,https://www.ebay.com/sch/i.html?_nkw=2M5Z-5500-AA%20Rear%20Control%20Blade%20arms%20%2B%20bushings%202003%20Ford%20Focus%202.0%20DOHC%20Zetec&_sacat=6030&_sop=15,https://www.amazon.com/s?k=2M5Z-5500-AA%20Rear%20Control%20Blade%20arms%20%2B%20bushings%202003%20Ford%20Focus%202.0%20DOHC%20Zetec&i=automotive
Suspension,Front wheel hub/bearing (pair),Motorcraft,Motorcraft HUB-48 (bearing YS4Z-1215-AA),Timken 510030 | SKF GRW178,,"https://www.rockauto.com/en/catalog/ford,2003,focus,2.0l+l4+dohc,1431898",https://www.rockauto.com/en/partsearch/?partnum=Motorcraft,https://www.ebay.com/sch/i.html?_nkw=Motorcraft%20Front%20wheel%20hub/bearing%202003%20Ford%20Focus%202.0%20DOHC%20Zetec&_sacat=6030&_sop=15,https://www.amazon.com/s?k=Motorcraft%20Front%20wheel%20hub/bearing%202003%20Ford%20Focus%202.0%20DOHC%20Zetec&i=automotive
Suspension,Rear wheel hub/bearing (pair),Motorcraft,Motorcraft HUB-52 / YS4Z-1104-BA,Timken 512219 | SKF BR930433,,"https://www.rockauto.com/en/catalog/ford,2003,focus,2.0l+l4+dohc,1431898",https://www.rockauto.com/en/partsearch/?partnum=Motorcraft,https://www.ebay.com/sch/i.html?_nkw=Motorcraft%20Rear%20wheel%20hub/bearing%202003%20Ford%20Focus%202.0%20DOHC%20Zetec&_sacat=6030&_sop=15,https://www.amazon.com/s?k=Motorcraft%20Rear%20wheel%20hub/bearing%202003%20Ford%20Focus%202.0%20DOHC%20Zetec&i=automotive
Brakes,"Front brake rotors (vented, 258mm)",Motorcraft,Motorcraft BRR-95 / YS4Z-1125-AA,Raybestos 980112 | Bosch 20010358,,"https://www.rockauto.com/en/catalog/ford,2003,focus,2.0l+l4+dohc,1431898",https://www.rockauto.com/en/partsearch/?partnum=Motorcraft,https://www.ebay.com/sch/i.html?_nkw=Motorcraft%20Front%20brake%20rotors%202003%20Ford%20Focus%202.0%20DOHC%20Zetec&_sacat=6030&_sop=15,https://www.amazon.com/s?k=Motorcraft%20Front%20brake%20rotors%202003%20Ford%20Focus%202.0%20DOHC%20Zetec&i=automotive
Brakes,Front brake pads,Motorcraft,Motorcraft BR-1214 / BR-1250,Wagner ThermoQuiet QC816 | Akebono ACT816,,"https://www.rockauto.com/en/catalog/ford,2003,focus,2.0l+l4+dohc,1431898",https://www.rockauto.com/en/partsearch/?partnum=Motorcraft,https://www.ebay.com/sch/i.html?_nkw=Motorcraft%20Front%20brake%20pads%202003%20Ford%20Focus%202.0%20DOHC%20Zetec&_sacat=6030&_sop=15,https://www.amazon.com/s?k=Motorcraft%20Front%20brake%20pads%202003%20Ford%20Focus%202.0%20DOHC%20Zetec&i=automotive
Brakes,Front calipers (pair),1S4Z-2B120-AA,1S4Z-2B120-AA / 2B121-AA,Cardone 19-2818 / 19-2819,,"https://www.rockauto.com/en/catalog/ford,2003,focus,2.0l+l4+dohc,1431898",https://www.rockauto.com/en/partsearch/?partnum=1S4Z-2B120-AA,https://www.ebay.com/sch/i.html?_nkw=1S4Z-2B120-AA%20Front%20calipers%202003%20Ford%20Focus%202.0%20DOHC%20Zetec&_sacat=6030&_sop=15,https://www.amazon.com/s?k=1S4Z-2B120-AA%20Front%20calipers%202003%20Ford%20Focus%202.0%20DOHC%20Zetec&i=automotive
Brakes,Rear brake drums (203mm),Motorcraft,Motorcraft BRD-2 / YS4Z-1126-AA,Raybestos 9764R | Bendix PDR0764,"If the car has rear discs (ABS/traction package), rotor is 253mm solid; pads BR-1030.","https://www.rockauto.com/en/catalog/ford,2003,focus,2.0l+l4+dohc,1431898",https://www.rockauto.com/en/partsearch/?partnum=Motorcraft,https://www.ebay.com/sch/i.html?_nkw=Motorcraft%20Rear%20brake%20drums%202003%20Ford%20Focus%202.0%20DOHC%20Zetec&_sacat=6030&_sop=15,https://www.amazon.com/s?k=Motorcraft%20Rear%20brake%20drums%202003%20Ford%20Focus%202.0%20DOHC%20Zetec&i=automotive
Brakes,Rear brake shoes + hardware + wheel cylinders,Motorcraft,Motorcraft BRS-13 / BR-2E,Wagner Z764 | Raybestos 764PG,,"https://www.rockauto.com/en/catalog/ford,2003,focus,2.0l+l4+dohc,1431898",https://www.rockauto.com/en/partsearch/?partnum=Motorcraft,https://www.ebay.com/sch/i.html?_nkw=Motorcraft%20Rear%20brake%20shoes%20%2B%20hardware%20%2B%20wheel%20cylinders%202003%20Ford%20Focus%202.0%20DOHC%20Zetec&_sacat=6030&_sop=15,https://www.amazon.com/s?k=Motorcraft%20Rear%20brake%20shoes%20%2B%20hardware%20%2B%20wheel%20cylinders%202003%20Ford%20Focus%202.0%20DOHC%20Zetec&i=automotive
Brakes,Brake master cylinder + booster,Motorcraft,Motorcraft BRMC-84 / 2M5Z-2140-AA,Cardone 13-2924 | Dorman M630115,,"https://www.rockauto.com/en/catalog/ford,2003,focus,2.0l+l4+dohc,1431898",https://www.rockauto.com/en/partsearch/?partnum=Motorcraft,https://www.ebay.com/sch/i.html?_nkw=Motorcraft%20Brake%20master%20cylinder%20%2B%20booster%202003%20Ford%20Focus%202.0%20DOHC%20Zetec&_sacat=6030&_sop=15,https://www.amazon.com/s?k=Motorcraft%20Brake%20master%20cylinder%20%2B%20booster%202003%20Ford%20Focus%202.0%20DOHC%20Zetec&i=automotive
Brakes,ABS hydraulic unit (if equipped),2M5Z-2C286-AA,2M5Z-2C286-AA,,,"https://www.rockauto.com/en/catalog/ford,2003,focus,2.0l+l4+dohc,1431898",https://www.rockauto.com/en/partsearch/?partnum=2M5Z-2C286-AA,https://www.ebay.com/sch/i.html?_nkw=2M5Z-2C286-AA%20ABS%20hydraulic%20unit%202003%20Ford%20Focus%202.0%20DOHC%20Zetec&_sacat=6030&_sop=15,https://www.amazon.com/s?k=2M5Z-2C286-AA%20ABS%20hydraulic%20unit%202003%20Ford%20Focus%202.0%20DOHC%20Zetec&i=automotive
Steering,Power steering rack + inner tie rods,1S4Z-3504-BARM,1S4Z-3504-BARM (reman),Cardone 22-249 | A1 Cardone 26-2058,,"https://www.rockauto.com/en/catalog/ford,2003,focus,2.0l+l4+dohc,1431898",https://www.rockauto.com/en/partsearch/?partnum=1S4Z-3504-BARM,https://www.ebay.com/sch/i.html?_nkw=1S4Z-3504-BARM%20Power%20steering%20rack%20%2B%20inner%20tie%20rods%202003%20Ford%20Focus%202.0%20DOHC%20Zetec&_sacat=6030&_sop=15,https://www.amazon.com/s?k=1S4Z-3504-BARM%20Power%20steering%20rack%20%2B%20inner%20tie%20rods%202003%20Ford%20Focus%202.0%20DOHC%20Zetec&i=automotive
Steering,Outer tie rod ends (pair),1S4Z-3A130-AA,1S4Z-3A130-AA / 3A131-AA,Moog ES3579 / ES3580,,"https://www.rockauto.com/en/catalog/ford,2003,focus,2.0l+l4+dohc,1431898",https://www.rockauto.com/en/partsearch/?partnum=1S4Z-3A130-AA,https://www.ebay.com/sch/i.html?_nkw=1S4Z-3A130-AA%20Outer%20tie%20rod%20ends%202003%20Ford%20Focus%202.0%20DOHC%20Zetec&_sacat=6030&_sop=15,https://www.amazon.com/s?k=1S4Z-3A130-AA%20Outer%20tie%20rod%20ends%202003%20Ford%20Focus%202.0%20DOHC%20Zetec&i=automotive
Steering,Power steering pump + reservoir,Motorcraft,Motorcraft STP-86 / 1S4Z-3A674-AA,Cardone 20-289,,"https://www.rockauto.com/en/catalog/ford,2003,focus,2.0l+l4+dohc,1431898",https://www.rockauto.com/en/partsearch/?partnum=Motorcraft,https://www.ebay.com/sch/i.html?_nkw=Motorcraft%20Power%20steering%20pump%20%2B%20reservoir%202003%20Ford%20Focus%202.0%20DOHC%20Zetec&_sacat=6030&_sop=15,https://www.amazon.com/s?k=Motorcraft%20Power%20steering%20pump%20%2B%20reservoir%202003%20Ford%20Focus%202.0%20DOHC%20Zetec&i=automotive
Steering,Steering column + intermediate shaft,2M5Z-3524-AA,2M5Z-3524-AA,,,"https://www.rockauto.com/en/catalog/ford,2003,focus,2.0l+l4+dohc,1431898",https://www.rockauto.com/en/partsearch/?partnum=2M5Z-3524-AA,https://www.ebay.com/sch/i.html?_nkw=2M5Z-3524-AA%20Steering%20column%20%2B%20intermediate%20shaft%202003%20Ford%20Focus%202.0%20DOHC%20Zetec&_sacat=6030&_sop=15,https://www.amazon.com/s?k=2M5Z-3524-AA%20Steering%20column%20%2B%20intermediate%20shaft%202003%20Ford%20Focus%202.0%20DOHC%20Zetec&i=automotive
HVAC,A/C compressor + clutch,Motorcraft,Motorcraft YCC-179 / 1S4Z-19V703-AA,Four Seasons 78515 | Denso 471-8121,,"https://www.rockauto.com/en/catalog/ford,2003,focus,2.0l+l4+dohc,1431898",https://www.rockauto.com/en/partsearch/?partnum=Motorcraft,https://www.ebay.com/sch/i.html?_nkw=Motorcraft%20A/C%20compressor%20%2B%20clutch%202003%20Ford%20Focus%202.0%20DOHC%20Zetec&_sacat=6030&_sop=15,https://www.amazon.com/s?k=Motorcraft%20A/C%20compressor%20%2B%20clutch%202003%20Ford%20Focus%202.0%20DOHC%20Zetec&i=automotive
HVAC,A/C condenser,1S4Z-19712-AA,1S4Z-19712-AA,Spectra 7-4879 | Denso 477-0670,,"https://www.rockauto.com/en/catalog/ford,2003,focus,2.0l+l4+dohc,1431898",https://www.rockauto.com/en/partsearch/?partnum=1S4Z-19712-AA,https://www.ebay.com/sch/i.html?_nkw=1S4Z-19712-AA%20A/C%20condenser%202003%20Ford%20Focus%202.0%20DOHC%20Zetec&_sacat=6030&_sop=15,https://www.amazon.com/s?k=1S4Z-19712-AA%20A/C%20condenser%202003%20Ford%20Focus%202.0%20DOHC%20Zetec&i=automotive
HVAC,Blower motor + resistor,Motorcraft,Motorcraft MM-1003 / 1S4Z-19805-AA | Resistor 1S4Z-18591-AA,TYC 700041 | Dorman 973-046,,"https://www.rockauto.com/en/catalog/ford,2003,focus,2.0l+l4+dohc,1431898",https://www.rockauto.com/en/partsearch/?partnum=Motorcraft,https://www.ebay.com/sch/i.html?_nkw=Motorcraft%20Blower%20motor%20%2B%20resistor%202003%20Ford%20Focus%202.0%20DOHC%20Zetec&_sacat=6030&_sop=15,https://www.amazon.com/s?k=Motorcraft%20Blower%20motor%20%2B%20resistor%202003%20Ford%20Focus%202.0%20DOHC%20Zetec&i=automotive
HVAC,Heater core,Motorcraft,Motorcraft HC-9 / 2M5Z-18476-AA,Spectra 98038 | APDI 9010184,Dash-out job. Common failure on this generation.,"https://www.rockauto.com/en/catalog/ford,2003,focus,2.0l+l4+dohc,1431898",https://www.rockauto.com/en/partsearch/?partnum=Motorcraft,https://www.ebay.com/sch/i.html?_nkw=Motorcraft%20Heater%20core%202003%20Ford%20Focus%202.0%20DOHC%20Zetec&_sacat=6030&_sop=15,https://www.amazon.com/s?k=Motorcraft%20Heater%20core%202003%20Ford%20Focus%202.0%20DOHC%20Zetec&i=automotive
HVAC,Cabin air filter,Motorcraft,Motorcraft FP-45,Fram CF10134,,"https://www.rockauto.com/en/catalog/ford,2003,focus,2.0l+l4+dohc,1431898",https://www.rockauto.com/en/partsearch/?partnum=Motorcraft,https://www.ebay.com/sch/i.html?_nkw=Motorcraft%20Cabin%20air%20filter%202003%20Ford%20Focus%202.0%20DOHC%20Zetec&_sacat=6030&_sop=15,https://www.amazon.com/s?k=Motorcraft%20Cabin%20air%20filter%202003%20Ford%20Focus%202.0%20DOHC%20Zetec&i=automotive
Body,Hood,2M5Z-16612-AA,2M5Z-16612-AA,,,"https://www.rockauto.com/en/catalog/ford,2003,focus,2.0l+l4+dohc,1431898",https://www.rockauto.com/en/partsearch/?partnum=2M5Z-16612-AA,https://www.ebay.com/sch/i.html?_nkw=2M5Z-16612-AA%20Hood%202003%20Ford%20Focus%202.0%20DOHC%20Zetec&_sacat=6030&_sop=15,https://www.amazon.com/s?k=2M5Z-16612-AA%20Hood%202003%20Ford%20Focus%202.0%20DOHC%20Zetec&i=automotive
Body,Front bumper cover,2M5Z-17D957-AA,2M5Z-17D957-AA,FO1000512 (CAPA),,"https://www.rockauto.com/en/catalog/ford,2003,focus,2.0l+l4+dohc,1431898",https://www.rockauto.com/en/partsearch/?partnum=2M5Z-17D957-AA,https://www.ebay.com/sch/i.html?_nkw=2M5Z-17D957-AA%20Front%20bumper%20cover%202003%20Ford%20Focus%202.0%20DOHC%20Zetec&_sacat=6030&_sop=15,https://www.amazon.com/s?k=2M5Z-17D957-AA%20Front%20bumper%20cover%202003%20Ford%20Focus%202.0%20DOHC%20Zetec&i=automotive
Body,Rear bumper cover (wagon),2M5Z-17K835-AA,2M5Z-17K835-AA (wagon),FO1100322,,"https://www.rockauto.com/en/catalog/ford,2003,focus,2.0l+l4+dohc,1431898",https://www.rockauto.com/en/partsearch/?partnum=2M5Z-17K835-AA,https://www.ebay.com/sch/i.html?_nkw=2M5Z-17K835-AA%20Rear%20bumper%20cover%202003%20Ford%20Focus%202.0%20DOHC%20Zetec&_sacat=6030&_sop=15,https://www.amazon.com/s?k=2M5Z-17K835-AA%20Rear%20bumper%20cover%202003%20Ford%20Focus%202.0%20DOHC%20Zetec&i=automotive
Body,"Front fender, LH",2M5Z-16006-AA,2M5Z-16006-AA,FO1240210,,"https://www.rockauto.com/en/catalog/ford,2003,focus,2.0l+l4+dohc,1431898",https://www.rockauto.com/en/partsearch/?partnum=2M5Z-16006-AA,https://www.ebay.com/sch/i.html?_nkw=2M5Z-16006-AA%20Front%20fender%2C%20LH%202003%20Ford%20Focus%202.0%20DOHC%20Zetec&_sacat=6030&_sop=15,https://www.amazon.com/s?k=2M5Z-16006-AA%20Front%20fender%2C%20LH%202003%20Ford%20Focus%202.0%20DOHC%20Zetec&i=automotive
Body,"Front fender, RH",2M5Z-16005-AA,2M5Z-16005-AA,FO1241210,,"https://www.rockauto.com/en/catalog/ford,2003,focus,2.0l+l4+dohc,1431898",https://www.rockauto.com/en/partsearch/?partnum=2M5Z-16005-AA,https://www.ebay.com/sch/i.html?_nkw=2M5Z-16005-AA%20Front%20fender%2C%20RH%202003%20Ford%20Focus%202.0%20DOHC%20Zetec&_sacat=6030&_sop=15,https://www.amazon.com/s?k=2M5Z-16005-AA%20Front%20fender%2C%20RH%202003%20Ford%20Focus%202.0%20DOHC%20Zetec&i=automotive
Body,"Front door, LH (shell)",2M5Z-5420125-AA,2M5Z-5420125-AA,,,"https://www.rockauto.com/en/catalog/ford,2003,focus,2.0l+l4+dohc,1431898",https://www.rockauto.com/en/partsearch/?partnum=2M5Z-5420125-AA,https://www.ebay.com/sch/i.html?_nkw=2M5Z-5420125-AA%20Front%20door%2C%20LH%202003%20Ford%20Focus%202.0%20DOHC%20Zetec&_sacat=6030&_sop=15,https://www.amazon.com/s?k=2M5Z-5420125-AA%20Front%20door%2C%20LH%202003%20Ford%20Focus%202.0%20DOHC%20Zetec&i=automotive
Body,"Front door, RH",2M5Z-5420124-AA,2M5Z-5420124-AA,,,"https://www.rockauto.com/en/catalog/ford,2003,focus,2.0l+l4+dohc,1431898",https://www.rockauto.com/en/partsearch/?partnum=2M5Z-5420124-AA,https://www.ebay.com/sch/i.html?_nkw=2M5Z-5420124-AA%20Front%20door%2C%20RH%202003%20Ford%20Focus%202.0%20DOHC%20Zetec&_sacat=6030&_sop=15,https://www.amazon.com/s?k=2M5Z-5420124-AA%20Front%20door%2C%20RH%202003%20Ford%20Focus%202.0%20DOHC%20Zetec&i=automotive
Body,"Rear door, LH",2M5Z-5424631-AA,2M5Z-5424631-AA,,,"https://www.rockauto.com/en/catalog/ford,2003,focus,2.0l+l4+dohc,1431898",https://www.rockauto.com/en/partsearch/?partnum=2M5Z-5424631-AA,https://www.ebay.com/sch/i.html?_nkw=2M5Z-5424631-AA%20Rear%20door%2C%20LH%202003%20Ford%20Focus%202.0%20DOHC%20Zetec&_sacat=6030&_sop=15,https://www.amazon.com/s?k=2M5Z-5424631-AA%20Rear%20door%2C%20LH%202003%20Ford%20Focus%202.0%20DOHC%20Zetec&i=automotive
Body,"Rear door, RH",2M5Z-5424630-AA,2M5Z-5424630-AA,,,"https://www.rockauto.com/en/catalog/ford,2003,focus,2.0l+l4+dohc,1431898",https://www.rockauto.com/en/partsearch/?partnum=2M5Z-5424630-AA,https://www.ebay.com/sch/i.html?_nkw=2M5Z-5424630-AA%20Rear%20door%2C%20RH%202003%20Ford%20Focus%202.0%20DOHC%20Zetec&_sacat=6030&_sop=15,https://www.amazon.com/s?k=2M5Z-5424630-AA%20Rear%20door%2C%20RH%202003%20Ford%20Focus%202.0%20DOHC%20Zetec&i=automotive
Body,Liftgate (wagon) + struts,2M5Z-7440110-AA,2M5Z-7440110-AA | Struts 2M5Z-74406A10-AA,StrongArm 4381 (struts),,"https://www.rockauto.com/en/catalog/ford,2003,focus,2.0l+l4+dohc,1431898",https://www.rockauto.com/en/partsearch/?partnum=2M5Z-7440110-AA,https://www.ebay.com/sch/i.html?_nkw=2M5Z-7440110-AA%20Liftgate%20%20%2B%20struts%202003%20Ford%20Focus%202.0%20DOHC%20Zetec&_sacat=6030&_sop=15,https://www.amazon.com/s?k=2M5Z-7440110-AA%20Liftgate%20%20%2B%20struts%202003%20Ford%20Focus%202.0%20DOHC%20Zetec&i=automotive
Body,Windshield,FW02306,FW02306 (NAGS),,,"https://www.rockauto.com/en/catalog/ford,2003,focus,2.0l+l4+dohc,1431898",https://www.rockauto.com/en/partsearch/?partnum=FW02306,https://www.ebay.com/sch/i.html?_nkw=FW02306%20Windshield%202003%20Ford%20Focus%202.0%20DOHC%20Zetec&_sacat=6030&_sop=15,https://www.amazon.com/s?k=FW02306%20Windshield%202003%20Ford%20Focus%202.0%20DOHC%20Zetec&i=automotive
Body,Roof panel,2M5Z-7450202-AA,2M5Z-7450202-AA,,,"https://www.rockauto.com/en/catalog/ford,2003,focus,2.0l+l4+dohc,1431898",https://www.rockauto.com/en/partsearch/?partnum=2M5Z-7450202-AA,https://www.ebay.com/sch/i.html?_nkw=2M5Z-7450202-AA%20Roof%20panel%202003%20Ford%20Focus%202.0%20DOHC%20Zetec&_sacat=6030&_sop=15,https://www.amazon.com/s?k=2M5Z-7450202-AA%20Roof%20panel%202003%20Ford%20Focus%202.0%20DOHC%20Zetec&i=automotive
Body,Side mirrors (pair),2M5Z-17682-AA,"2M5Z-17682-AA (RH), 17683-AA (LH)",Dorman 955-1129 / 955-1128 | FO1320180 / FO1321180,,"https://www.rockauto.com/en/catalog/ford,2003,focus,2.0l+l4+dohc,1431898",https://www.rockauto.com/en/partsearch/?partnum=2M5Z-17682-AA,https://www.ebay.com/sch/i.html?_nkw=2M5Z-17682-AA%20Side%20mirrors%202003%20Ford%20Focus%202.0%20DOHC%20Zetec&_sacat=6030&_sop=15,https://www.amazon.com/s?k=2M5Z-17682-AA%20Side%20mirrors%202003%20Ford%20Focus%202.0%20DOHC%20Zetec&i=automotive
Body,Wiper blades + rear wiper motor,Motorcraft,"Motorcraft WW-2201 / WW-1801, rear WW-1401",Bosch ICON 22A / 18A,,"https://www.rockauto.com/en/catalog/ford,2003,focus,2.0l+l4+dohc,1431898",https://www.rockauto.com/en/partsearch/?partnum=Motorcraft,https://www.ebay.com/sch/i.html?_nkw=Motorcraft%20Wiper%20blades%20%2B%20rear%20wiper%20motor%202003%20Ford%20Focus%202.0%20DOHC%20Zetec&_sacat=6030&_sop=15,https://www.amazon.com/s?k=Motorcraft%20Wiper%20blades%20%2B%20rear%20wiper%20motor%202003%20Ford%20Focus%202.0%20DOHC%20Zetec&i=automotive
Lighting,"Headlamp assembly, LH",2M5Z-13008-AB,2M5Z-13008-AB,TYC 20-6202-00 | FO2503181,,"https://www.rockauto.com/en/catalog/ford,2003,focus,2.0l+l4+dohc,1431898",https://www.rockauto.com/en/partsearch/?partnum=2M5Z-13008-AB,https://www.ebay.com/sch/i.html?_nkw=2M5Z-13008-AB%20Headlamp%20assembly%2C%20LH%202003%20Ford%20Focus%202.0%20DOHC%20Zetec&_sacat=6030&_sop=15,https://www.amazon.com/s?k=2M5Z-13008-AB%20Headlamp%20assembly%2C%20LH%202003%20Ford%20Focus%202.0%20DOHC%20Zetec&i=automotive
Lighting,"Headlamp assembly, RH",2M5Z-13008-AA,2M5Z-13008-AA,TYC 20-6201-00 | FO2502181,,"https://www.rockauto.com/en/catalog/ford,2003,focus,2.0l+l4+dohc,1431898",https://www.rockauto.com/en/partsearch/?partnum=2M5Z-13008-AA,https://www.ebay.com/sch/i.html?_nkw=2M5Z-13008-AA%20Headlamp%20assembly%2C%20RH%202003%20Ford%20Focus%202.0%20DOHC%20Zetec&_sacat=6030&_sop=15,https://www.amazon.com/s?k=2M5Z-13008-AA%20Headlamp%20assembly%2C%20RH%202003%20Ford%20Focus%202.0%20DOHC%20Zetec&i=automotive
Lighting,"Tail lamp, LH (wagon)",2S4Z-13405-AA,2S4Z-13405-AA,TYC 11-5964-01,,"https://www.rockauto.com/en/catalog/ford,2003,focus,2.0l+l4+dohc,1431898",https://www.rockauto.com/en/partsearch/?partnum=2S4Z-13405-AA,https://www.ebay.com/sch/i.html?_nkw=2S4Z-13405-AA%20Tail%20lamp%2C%20LH%202003%20Ford%20Focus%202.0%20DOHC%20Zetec&_sacat=6030&_sop=15,https://www.amazon.com/s?k=2S4Z-13405-AA%20Tail%20lamp%2C%20LH%202003%20Ford%20Focus%202.0%20DOHC%20Zetec&i=automotive
Lighting,"Tail lamp, RH (wagon)",2S4Z-13404-AA,2S4Z-13404-AA,TYC 11-5963-01,,"https://www.rockauto.com/en/catalog/ford,2003,focus,2.0l+l4+dohc,1431898",https://www.rockauto.com/en/partsearch/?partnum=2S4Z-13404-AA,https://www.ebay.com/sch/i.html?_nkw=2S4Z-13404-AA%20Tail%20lamp%2C%20RH%202003%20Ford%20Focus%202.0%20DOHC%20Zetec&_sacat=6030&_sop=15,https://www.amazon.com/s?k=2S4Z-13404-AA%20Tail%20lamp%2C%20RH%202003%20Ford%20Focus%202.0%20DOHC%20Zetec&i=automotive
Lighting,"Bulb set (9007 head, 3157 tail/turn, 194 marker)",9007,9007 low/high | 3157 | 194 | 921 reverse,Sylvania,,"https://www.rockauto.com/en/catalog/ford,2003,focus,2.0l+l4+dohc,1431898",https://www.rockauto.com/en/partsearch/?partnum=9007,https://www.ebay.com/sch/i.html?_nkw=9007%20Bulb%20set%202003%20Ford%20Focus%202.0%20DOHC%20Zetec&_sacat=6030&_sop=15,https://www.amazon.com/s?k=9007%20Bulb%20set%202003%20Ford%20Focus%202.0%20DOHC%20Zetec&i=automotive
Interior,Driver seat + track,,Trim-specific; check label under seat,,,"https://www.rockauto.com/en/catalog/ford,2003,focus,2.0l+l4+dohc,1431898",https://www.ebay.com/sch/i.html?_nkw=Driver%20seat%20%2B%20track%202003%20Ford%20Focus%202.0%20DOHC%20Zetec&_sacat=6030&_sop=15,https://www.amazon.com/s?k=Driver%20seat%20%2B%20track%202003%20Ford%20Focus%202.0%20DOHC%20Zetec&i=automotive,https://www.partsgeek.com/catalog/2003/ford/focus.html
Interior,Passenger seat,,,,,"https://www.rockauto.com/en/catalog/ford,2003,focus,2.0l+l4+dohc,1431898",https://www.ebay.com/sch/i.html?_nkw=Passenger%20seat%202003%20Ford%20Focus%202.0%20DOHC%20Zetec&_sacat=6030&_sop=15,https://www.amazon.com/s?k=Passenger%20seat%202003%20Ford%20Focus%202.0%20DOHC%20Zetec&i=automotive,https://www.partsgeek.com/catalog/2003/ford/focus.html
Interior,Rear bench 60/40,,,,,"https://www.rockauto.com/en/catalog/ford,2003,focus,2.0l+l4+dohc,1431898",https://www.ebay.com/sch/i.html?_nkw=Rear%20bench%2060/40%202003%20Ford%20Focus%202.0%20DOHC%20Zetec&_sacat=6030&_sop=15,https://www.amazon.com/s?k=Rear%20bench%2060/40%202003%20Ford%20Focus%202.0%20DOHC%20Zetec&i=automotive,https://www.partsgeek.com/catalog/2003/ford/focus.html
Interior,Instrument panel + cluster,Cluster,Cluster 2M5Z-10849-xx (option-specific),,,"https://www.rockauto.com/en/catalog/ford,2003,focus,2.0l+l4+dohc,1431898",https://www.rockauto.com/en/partsearch/?partnum=Cluster,https://www.ebay.com/sch/i.html?_nkw=Cluster%20Instrument%20panel%20%2B%20cluster%202003%20Ford%20Focus%202.0%20DOHC%20Zetec&_sacat=6030&_sop=15,https://www.amazon.com/s?k=Cluster%20Instrument%20panel%20%2B%20cluster%202003%20Ford%20Focus%202.0%20DOHC%20Zetec&i=automotive
Interior,Window regulators + motors (4),Front,Front LH 2M5Z-5423209-AA / RH -5423208-AA,Dorman 741-878 / 741-879,Very common failure on 00-07 Focus.,"https://www.rockauto.com/en/catalog/ford,2003,focus,2.0l+l4+dohc,1431898",https://www.rockauto.com/en/partsearch/?partnum=Front,https://www.ebay.com/sch/i.html?_nkw=Front%20Window%20regulators%20%2B%20motors%202003%20Ford%20Focus%202.0%20DOHC%20Zetec&_sacat=6030&_sop=15,https://www.amazon.com/s?k=Front%20Window%20regulators%20%2B%20motors%202003%20Ford%20Focus%202.0%20DOHC%20Zetec&i=automotive
Interior,Door latches / lock actuators,2M5Z-54219A64-AA,2M5Z-54219A64-AA (front),Dorman 937-651,,"https://www.rockauto.com/en/catalog/ford,2003,focus,2.0l+l4+dohc,1431898",https://www.rockauto.com/en/partsearch/?partnum=2M5Z-54219A64-AA,https://www.ebay.com/sch/i.html?_nkw=2M5Z-54219A64-AA%20Door%20latches%20/%20lock%20actuators%202003%20Ford%20Focus%202.0%20DOHC%20Zetec&_sacat=6030&_sop=15,https://www.amazon.com/s?k=2M5Z-54219A64-AA%20Door%20latches%20/%20lock%20actuators%202003%20Ford%20Focus%202.0%20DOHC%20Zetec&i=automotive
Interior,Shifter + cables,,Manual: 2M5Z-7E395-AA cables,,,"https://www.rockauto.com/en/catalog/ford,2003,focus,2.0l+l4+dohc,1431898",https://www.ebay.com/sch/i.html?_nkw=Shifter%20%2B%20cables%202003%20Ford%20Focus%202.0%20DOHC%20Zetec&_sacat=6030&_sop=15,https://www.amazon.com/s?k=Shifter%20%2B%20cables%202003%20Ford%20Focus%202.0%20DOHC%20Zetec&i=automotive,https://www.partsgeek.com/catalog/2003/ford/focus.html
Interior,PATS transponder key + fob,H72-PT,H72-PT key blank | Fob: CWTWB1U331,Any H72-PT programmable; need 2 working keys to self-program,,"https://www.rockauto.com/en/catalog/ford,2003,focus,2.0l+l4+dohc,1431898",https://www.rockauto.com/en/partsearch/?partnum=H72-PT,https://www.ebay.com/sch/i.html?_nkw=H72-PT%20PATS%20transponder%20key%20%2B%20fob%202003%20Ford%20Focus%202.0%20DOHC%20Zetec&_sacat=6030&_sop=15,https://www.amazon.com/s?k=H72-PT%20PATS%20transponder%20key%20%2B%20fob%202003%20Ford%20Focus%202.0%20DOHC%20Zetec&i=automotive
Wheels & Tires,"Wheel + tire, front LH",15x6,15x6 steel 2M5Z-1007-AA / alloy trim-specific,195/60R15 88H,,"https://www.rockauto.com/en/catalog/ford,2003,focus,2.0l+l4+dohc,1431898",https://www.rockauto.com/en/partsearch/?partnum=15x6,https://www.ebay.com/sch/i.html?_nkw=15x6%20Wheel%20%2B%20tire%2C%20front%20LH%202003%20Ford%20Focus%202.0%20DOHC%20Zetec&_sacat=6030&_sop=15,https://www.amazon.com/s?k=15x6%20Wheel%20%2B%20tire%2C%20front%20LH%202003%20Ford%20Focus%202.0%20DOHC%20Zetec&i=automotive
Wheels & Tires,"Wheel + tire, front RH",,,195/60R15 88H,,"https://www.rockauto.com/en/catalog/ford,2003,focus,2.0l+l4+dohc,1431898",https://www.ebay.com/sch/i.html?_nkw=Wheel%20%2B%20tire%2C%20front%20RH%202003%20Ford%20Focus%202.0%20DOHC%20Zetec&_sacat=6030&_sop=15,https://www.amazon.com/s?k=Wheel%20%2B%20tire%2C%20front%20RH%202003%20Ford%20Focus%202.0%20DOHC%20Zetec&i=automotive,https://www.partsgeek.com/catalog/2003/ford/focus.html
Wheels & Tires,"Wheel + tire, rear LH",,,195/60R15 88H,,"https://www.rockauto.com/en/catalog/ford,2003,focus,2.0l+l4+dohc,1431898",https://www.ebay.com/sch/i.html?_nkw=Wheel%20%2B%20tire%2C%20rear%20LH%202003%20Ford%20Focus%202.0%20DOHC%20Zetec&_sacat=6030&_sop=15,https://www.amazon.com/s?k=Wheel%20%2B%20tire%2C%20rear%20LH%202003%20Ford%20Focus%202.0%20DOHC%20Zetec&i=automotive,https://www.partsgeek.com/catalog/2003/ford/focus.html
Wheels & Tires,"Wheel + tire, rear RH",,,195/60R15 88H,,"https://www.rockauto.com/en/catalog/ford,2003,focus,2.0l+l4+dohc,1431898",https://www.ebay.com/sch/i.html?_nkw=Wheel%20%2B%20tire%2C%20rear%20RH%202003%20Ford%20Focus%202.0%20DOHC%20Zetec&_sacat=6030&_sop=15,https://www.amazon.com/s?k=Wheel%20%2B%20tire%2C%20rear%20RH%202003%20Ford%20Focus%202.0%20DOHC%20Zetec&i=automotive,https://www.partsgeek.com/catalog/2003/ford/focus.html
Wheels & Tires,"Lug nuts (M12x1.5, 20) + spare",Motorcraft,Motorcraft W710294-S441,Dorman 611-263,,"https://www.rockauto.com/en/catalog/ford,2003,focus,2.0l+l4+dohc,1431898",https://www.rockauto.com/en/partsearch/?partnum=Motorcraft,https://www.ebay.com/sch/i.html?_nkw=Motorcraft%20Lug%20nuts%20%20%2B%20spare%202003%20Ford%20Focus%202.0%20DOHC%20Zetec&_sacat=6030&_sop=15,https://www.amazon.com/s?k=Motorcraft%20Lug%20nuts%20%20%2B%20spare%202003%20Ford%20Focus%202.0%20DOHC%20Zetec&i=automotive
